{"SubjectID": "ac", "Demographic": "", "Eye": "", "glasses": "", "Task": "vf", "Conditions": [[5, 1], [4, 0], [4, 1], [0, 1], [1, 1], [5, 1], [5, 1], [5, 0], [1, 1], [2, 0], [1, 0], [2, 1], [4, 1], [1, 1], [1, 1], [0, 0], [2, 1], [0, 1], [5, 1], [4, 1], [4, 1], [0, 1], [3, 1], [1, 1], [2, 0], [1, 0], [2, 1], [5, 0], [3, 0], [3, 0], [2, 1], [3, 1], [0, 1], [5, 1], [2, 1], [4, 0], [3, 1], [3, 1], [0, 0], [0, 1], [3, 1], [4, 1]], "Responses": [1, 0], "RT": [0.7455607000738382, 0.6923226001672447], "Catch": [], "Present": {}, "Complete": 0, "leftcenterBS": [-898.5, -118.0], "leftwidthBS": 312.0, "leftheightBS": 462.0, "rightcenterBS": [1024.0, -135.5], "rightwidthBS": 421.0, "rightheightBS": 459.0}