{"SubjectID": "cd", "Demographic": "", "Eye": "R", "glasses": "", "Task": "bdf", "Conditions": [[0, 0, 2, 2, 2, 2.153635499998927], [0, 0, 0, 2, 0, 0.8554279999807477], [0, 1, 1, 2, 3, 2.0559854998718947], [0, 1, 1, 2, 2, 1.204551100032404], [1, 0, 1, 1, 1, 0.7554236000869423], [0, 0, 1, 1, 1, 0.5487508000805974], [1, 0, 2, 2, 2, 0.8533464998472482], [1, 0, 0, 1, 0, 1.3514248998835683], [1, 1, 1, 2, 2, 1.6845154000911862], [1, 1, 1, 2, 3, 1.6160373999737203], [0, 0, 0, 1, 0, 0.5511958000715822], [1, 0, 2, 1, 0, 1.366478000069037], [0, 0, 2, 1, 2, 1.751048699952662], [1, 0, 0, 2, 0, 0.8056010999716818], [0, 1, 1, 2, 2, 1.8150238001253456], [1, 1, 1, 2, 2, 0.9860956000629812]], "Responses": [2, 0, 3, 2, 1, 1, 2, 0, 2, 3, 0, 0, 2, 0, 2, 2], "RT": [2.153635499998927, 0.8554279999807477, 2.0559854998718947, 1.204551100032404, 0.7554236000869423, 0.5487508000805974, 0.8533464998472482, 1.3514248998835683, 1.6845154000911862, 1.6160373999737203, 0.5511958000715822, 1.366478000069037, 1.751048699952662, 0.8056010999716818, 1.8150238001253456, 0.9860956000629812], "Catch": [[2, 2.153635499998927], [0, 0.8554279999807477], [1, 0.7554236000869423], [1, 0.5487508000805974], [2, 0.8533464998472482], [0, 1.3514248998835683], [0, 0.5511958000715822], [0, 1.366478000069037], [2, 1.751048699952662], [0, 0.8056010999716818]], "Present": {"0": {"nValid": 3, "zero": 0, "one": 0, "two": 2, "three": 1, "zerop": 0.0, "onep": 0.0, "twop": 0.6666666666666666, "threep": 0.3333333333333333}, "1": {"nValid": 3, "zero": 0, "one": 0, "two": 2, "three": 1, "zerop": 0.0, "onep": 0.0, "twop": 0.6666666666666666, "threep": 0.3333333333333333}}, "Complete": 1, "leftcenterBS": [932.5, -80.0], "leftwidthBS": 355.0, "leftheightBS": 498.0, "rightcenterBS": [-843.0, -74.0], "rightwidthBS": 355.0, "rightheightBS": 456.0}