{"SubjectID": "cd", "Demographic": "", "Eye": "L", "glasses": "", "Task": "bdf", "Conditions": [[0, 0, 2, 1, 0, 10.210062599973753], [1, 0, 1, 1, 0, 2.4720760001800954], [0, 0, 1, 1, 0, 1.9398612999357283], [1, 0, 2, 1, 1, 1.4848130999598652], [0, 0, 0, 1, 0, 2.0542599998880178], [1, 0, 0, 1, 0, 1.838729300070554], [0, 1, 1, 2, 0, 2.67604190018028], [1, 0, 2, 2, 2, 1.6604345999658108], [1, 1, 1, 2, 3, 0.9719317001290619], [0, 0, 0, 2, 0, 1.0850717998109758], [1, 0, 0, 2, 0, 1.2735501998104155], [0, 1, 1, 2, 2, 2.053843199973926], [0, 1, 1, 2, 3, 1.6992808999493718], [0, 0, 2, 2, 2, 2.6418304999824613], [1, 1, 1, 2, 3, 1.482851899927482], [1, 1, 1, 2, 3, 1.6462155999615788]], "Responses": [0, 0, 0, 1, 0, 0, 0, 2, 3, 0, 0, 2, 3, 2, 3, 3], "RT": [10.210062599973753, 2.4720760001800954, 1.9398612999357283, 1.4848130999598652, 2.0542599998880178, 1.838729300070554, 2.67604190018028, 1.6604345999658108, 0.9719317001290619, 1.0850717998109758, 1.2735501998104155, 2.053843199973926, 1.6992808999493718, 2.6418304999824613, 1.482851899927482, 1.6462155999615788], "Catch": [[0, 10.210062599973753], [0, 2.4720760001800954], [0, 1.9398612999357283], [1, 1.4848130999598652], [0, 2.0542599998880178], [0, 1.838729300070554], [2, 1.6604345999658108], [0, 1.0850717998109758], [0, 1.2735501998104155], [2, 2.6418304999824613]], "Present": {"0": {"nValid": 3, "zero": 1, "one": 0, "two": 1, "three": 1, "zerop": 0.3333333333333333, "onep": 0.0, "twop": 0.3333333333333333, "threep": 0.3333333333333333}, "1": {"nValid": 3, "zero": 0, "one": 0, "two": 0, "three": 3, "zerop": 0.0, "onep": 0.0, "twop": 0.0, "threep": 1.0}}, "Complete": 1, "leftcenterBS": [932.5, -80.0], "leftwidthBS": 355.0, "leftheightBS": 498.0, "rightcenterBS": [-843.0, -74.0], "rightwidthBS": 355.0, "rightheightBS": 456.0}