{"SubjectID": "cz", "Demographic": "", "Eye": "R", "glasses": "", "Task": "bdf", "Conditions": [[1, 0, 2, 2, 0, 0.6799141000956297], [0, 0, 0, 2, 0, 0.7915002000518143], [0, 1, 1, 2, 2, 0.7912443999666721], [1, 0, 2, 1, 0, 0.7612246000207961], [0, 0, 0, 1, 0, 0.8064510999247432], [0, 0, 1, 1, 1, 0.7065225001424551], [1, 0, 1, 1, 1, 0.5845714998431504], [0, 1, 1, 2, 2, 0.7681692000478506], [1, 1, 1, 2, 1, 0.5924505000002682], [1, 1, 1, 2, 2, 0.8238510000519454], [1, 0, 0, 1, 0, 0.8778048998210579], [0, 0, 2, 2, 2, 0.6253266001585871], [1, 1, 1, 2, 2, 1.7988303999882191], [0, 0, 2, 1, 1, 0.7734258000273257], [0, 1, 1, 2, 2, 0.5618893001228571], [1, 0, 0, 2, 0, 0.5630624999757856]], "Responses": [0, 0, 2, 0, 0, 1, 1, 2, 1, 2, 0, 2, 2, 1, 2, 0], "RT": [0.6799141000956297, 0.7915002000518143, 0.7912443999666721, 0.7612246000207961, 0.8064510999247432, 0.7065225001424551, 0.5845714998431504, 0.7681692000478506, 0.5924505000002682, 0.8238510000519454, 0.8778048998210579, 0.6253266001585871, 1.7988303999882191, 0.7734258000273257, 0.5618893001228571, 0.5630624999757856], "Catch": [[0, 0.6799141000956297], [0, 0.7915002000518143], [0, 0.7612246000207961], [0, 0.8064510999247432], [1, 0.7065225001424551], [1, 0.5845714998431504], [0, 0.8778048998210579], [2, 0.6253266001585871], [1, 0.7734258000273257], [0, 0.5630624999757856]], "Present": {"0": {"nValid": 3, "zero": 0, "one": 0, "two": 3, "three": 0, "zerop": 0.0, "onep": 0.0, "twop": 1.0, "threep": 0.0}, "1": {"nValid": 3, "zero": 0, "one": 1, "two": 2, "three": 0, "zerop": 0.0, "onep": 0.3333333333333333, "twop": 0.6666666666666666, "threep": 0.0}}, "Complete": 1, "leftcenterBS": [-861.0, -168.5], "leftwidthBS": 239.0, "leftheightBS": 531.0, "rightcenterBS": [918.5, -109.5], "rightwidthBS": 347.0, "rightheightBS": 433.0}