{"SubjectID": "ka", "Demographic": "", "Eye": "L", "glasses": "", "Task": "bdf", "Conditions": [[0, 0, 0, 2, 0, 0.6780892999377102], [0, 1, 1, 2, 0, 0.7932785998564214], [1, 1, 1, 2, 1, 0.6212245998904109], [0, 1, 1, 2, 2, 0.7066019999329001], [1, 1, 1, 2, 1, 1.2067414000630379], [1, 0, 1, 1, 1, 0.7693366999737918], [0, 1, 1, 2, 0, 0.7412870998959988], [0, 0, 0, 1, 0, 0.6067824999336153], [1, 0, 2, 1, 2, 0.6816909001208842], [0, 0, 2, 1, 0, 0.7447894001379609], [0, 0, 1, 1, 0, 0.5696887001395226], [1, 0, 2, 2, 2, 0.6340534999035299], [1, 0, 0, 2, 0, 0.5355503000319004], [1, 0, 0, 1, 0, 0.8416846001055092], [1, 1, 1, 2, 1, 0.8391088000498712], [0, 0, 2, 2, 1, 1.5819812999106944]], "Responses": [0, 0, 1, 2, 1, 1, 0, 0, 2, 0, 0, 2, 0, 0, 1, 1], "RT": [0.6780892999377102, 0.7932785998564214, 0.6212245998904109, 0.7066019999329001, 1.2067414000630379, 0.7693366999737918, 0.7412870998959988, 0.6067824999336153, 0.6816909001208842, 0.7447894001379609, 0.5696887001395226, 0.6340534999035299, 0.5355503000319004, 0.8416846001055092, 0.8391088000498712, 1.5819812999106944], "Catch": [[0, 0.6780892999377102], [1, 0.7693366999737918], [0, 0.6067824999336153], [2, 0.6816909001208842], [0, 0.7447894001379609], [0, 0.5696887001395226], [2, 0.6340534999035299], [0, 0.5355503000319004], [0, 0.8416846001055092], [1, 1.5819812999106944]], "Present": {"0": {"nValid": 3, "zero": 2, "one": 0, "two": 1, "three": 0, "zerop": 0.6666666666666666, "onep": 0.0, "twop": 0.3333333333333333, "threep": 0.0}, "1": {"nValid": 3, "zero": 0, "one": 3, "two": 0, "three": 0, "zerop": 0.0, "onep": 1.0, "twop": 0.0, "threep": 0.0}}, "Complete": 1, "leftcenterBS": [-873.0, -63.5], "leftwidthBS": 309.0, "leftheightBS": 391.0, "rightcenterBS": [917.5, -73.5], "rightwidthBS": 311.0, "rightheightBS": 361.0}