{"SubjectID": "ka", "Demographic": "", "Eye": "R", "glasses": "", "Task": "bdf", "Conditions": [[0, 0, 1, 1, 1, 0.8567093999590725], [0, 1, 1, 2, 2, 0.8731911000795662], [1, 1, 1, 2, 0, 0.5308733999263495], [0, 1, 1, 2, 2, 0.5880940000060946], [1, 0, 2, 1, 0, 0.5420798999257386], [0, 0, 0, 1, 0, 0.7641947001684457], [0, 0, 2, 1, 1, 0.8562606000341475], [1, 0, 0, 1, 0, 3.1018711999058723], [1, 1, 1, 2, 0, 0.6562924000900239], [1, 0, 0, 2, 0, 0.5590937999077141], [1, 0, 1, 1, 0, 0.8546596001833677], [1, 0, 2, 2, 0, 0.8391845999285579], [0, 1, 1, 2, 1, 1.1924368001054972], [1, 1, 1, 2, 1, 0.5833604999352247], [0, 0, 2, 2, 0, 0.8864793998654932], [0, 0, 0, 2, 0, 0.6033783000893891]], "Responses": [1, 2, 0, 2, 0, 0, 1, 0, 0, 0, 0, 0, 1, 1, 0, 0], "RT": [0.8567093999590725, 0.8731911000795662, 0.5308733999263495, 0.5880940000060946, 0.5420798999257386, 0.7641947001684457, 0.8562606000341475, 3.1018711999058723, 0.6562924000900239, 0.5590937999077141, 0.8546596001833677, 0.8391845999285579, 1.1924368001054972, 0.5833604999352247, 0.8864793998654932, 0.6033783000893891], "Catch": [[1, 0.8567093999590725], [0, 0.5420798999257386], [0, 0.7641947001684457], [1, 0.8562606000341475], [0, 3.1018711999058723], [0, 0.5590937999077141], [0, 0.8546596001833677], [0, 0.8391845999285579], [0, 0.8864793998654932], [0, 0.6033783000893891]], "Present": {"0": {"nValid": 3, "zero": 0, "one": 1, "two": 2, "three": 0, "zerop": 0.0, "onep": 0.3333333333333333, "twop": 0.6666666666666666, "threep": 0.0}, "1": {"nValid": 3, "zero": 2, "one": 1, "two": 0, "three": 0, "zerop": 0.6666666666666666, "onep": 0.3333333333333333, "twop": 0.0, "threep": 0.0}}, "Complete": 1, "leftcenterBS": [-873.0, -63.5], "leftwidthBS": 309.0, "leftheightBS": 391.0, "rightcenterBS": [917.5, -73.5], "rightwidthBS": 311.0, "rightheightBS": 361.0}