{"SubjectID": "mm", "Demographic": "", "Eye": "R", "glasses": "", "Task": "bdf", "Conditions": [[1, 0, 2, 2, 1, 0.7025259998627007], [0, 0, 0, 1, 0, 1.5457349000498652], [1, 0, 2, 1, 1, 0.6917260999325663], [0, 0, 2, 2, 2, 3.0209521998185664], [1, 0, 1, 1, 1, 1.2037537000142038], [0, 0, 0, 2, 0, 0.6671736999414861], [1, 0, 0, 2, 0, 0.5846308001782745], [0, 0, 1, 1, 1, 0.6403998001478612], [0, 1, 1, 2, 2, 0.5971989999525249], [1, 1, 1, 2, 1, 0.6847167999949306], [0, 0, 2, 1, 1, 0.5804983000271022], [1, 0, 0, 1, 0, 1.0153596999589354], [0, 1, 1, 2, 2, 0.7670051001477987], [1, 1, 1, 2, 2, 0.7670062999241054], [1, 1, 1, 2, 2, 1.372013800079003], [0, 1, 1, 2, 2, 0.7109079998917878]], "Responses": [1, 0, 1, 2, 1, 0, 0, 1, 2, 1, 1, 0, 2, 2, 2, 2], "RT": [0.7025259998627007, 1.5457349000498652, 0.6917260999325663, 3.0209521998185664, 1.2037537000142038, 0.6671736999414861, 0.5846308001782745, 0.6403998001478612, 0.5971989999525249, 0.6847167999949306, 0.5804983000271022, 1.0153596999589354, 0.7670051001477987, 0.7670062999241054, 1.372013800079003, 0.7109079998917878], "Catch": [[1, 0.7025259998627007], [0, 1.5457349000498652], [1, 0.6917260999325663], [2, 3.0209521998185664], [1, 1.2037537000142038], [0, 0.6671736999414861], [0, 0.5846308001782745], [1, 0.6403998001478612], [1, 0.5804983000271022], [0, 1.0153596999589354]], "Present": {"0": {"nValid": 3, "zero": 0, "one": 0, "two": 3, "three": 0, "zerop": 0.0, "onep": 0.0, "twop": 1.0, "threep": 0.0}, "1": {"nValid": 3, "zero": 0, "one": 1, "two": 2, "three": 0, "zerop": 0.0, "onep": 0.3333333333333333, "twop": 0.6666666666666666, "threep": 0.0}}, "Complete": 1, "leftcenterBS": [-902.0, -113.5], "leftwidthBS": 236.0, "leftheightBS": 423.0, "rightcenterBS": [942.0, -127.0], "rightwidthBS": 384.0, "rightheightBS": 442.0}