{"SubjectID": "mm", "Demographic": "", "Eye": "L", "glasses": "", "Task": "bdf", "Conditions": [[0, 0, 2, 2, 2, 4.209486200008541], [0, 0, 0, 1, 0, 1.2960309002082795], [1, 1, 1, 2, 1, 3.339323899941519], [1, 0, 2, 1, 1, 0.8117422999348491], [1, 0, 0, 2, 0, 0.7194747999310493], [0, 1, 1, 2, 2, 0.7258250000886619], [0, 1, 1, 2, 2, 0.9316577999852598], [0, 0, 0, 2, 0, 0.7298694001510739], [1, 0, 2, 2, 2, 1.5514254001900554], [0, 1, 1, 2, 1, 0.8360333999153227], [1, 0, 1, 1, 1, 0.6576016000472009], [1, 1, 1, 2, 2, 0.6302419998683035], [1, 0, 0, 1, 0, 0.5933610000647604], [0, 0, 2, 1, 1, 1.8108751999679953], [1, 1, 1, 2, 2, 0.7456086000893265], [0, 0, 1, 1, 1, 0.6824610000476241]], "Responses": [2, 0, 1, 1, 0, 2, 2, 0, 2, 1, 1, 2, 0, 1, 2, 1], "RT": [4.209486200008541, 1.2960309002082795, 3.339323899941519, 0.8117422999348491, 0.7194747999310493, 0.7258250000886619, 0.9316577999852598, 0.7298694001510739, 1.5514254001900554, 0.8360333999153227, 0.6576016000472009, 0.6302419998683035, 0.5933610000647604, 1.8108751999679953, 0.7456086000893265, 0.6824610000476241], "Catch": [[2, 4.209486200008541], [0, 1.2960309002082795], [1, 0.8117422999348491], [0, 0.7194747999310493], [0, 0.7298694001510739], [2, 1.5514254001900554], [1, 0.6576016000472009], [0, 0.5933610000647604], [1, 1.8108751999679953], [1, 0.6824610000476241]], "Present": {"0": {"nValid": 3, "zero": 0, "one": 1, "two": 2, "three": 0, "zerop": 0.0, "onep": 0.3333333333333333, "twop": 0.6666666666666666, "threep": 0.0}, "1": {"nValid": 3, "zero": 0, "one": 1, "two": 2, "three": 0, "zerop": 0.0, "onep": 0.3333333333333333, "twop": 0.6666666666666666, "threep": 0.0}}, "Complete": 1, "leftcenterBS": [-902.0, -113.5], "leftwidthBS": 236.0, "leftheightBS": 423.0, "rightcenterBS": [942.0, -127.0], "rightwidthBS": 384.0, "rightheightBS": 442.0}