{"SubjectID": "mt", "Demographic": "", "Eye": "R", "glasses": "", "Task": "bdf", "Conditions": [[1, 1, 1, 2, 2, 1.4299495001323521], [0, 0, 2, 2, 2, 1.2327743000350893], [1, 0, 0, 1, 0, 1.1880578000564128], [0, 1, 1, 2, 2, 1.1908709001727402], [0, 0, 0, 2, 0, 1.4704321001190692], [1, 0, 2, 1, 2, 1.0344540998339653], [1, 1, 1, 2, 0, 1.1524345001671463], [1, 1, 1, 2, 0, 3.02473030006513], [1, 0, 1, 1, 1, 4.13501049997285], [0, 1, 1, 2, 2, 0.8134477999992669], [0, 0, 1, 1, 1, 0.5397459000814706], [0, 0, 0, 1, 0, 1.1177821001037955], [1, 0, 2, 2, 2, 1.8666079000104219], [0, 1, 1, 2, 2, 1.3909879000857472], [0, 0, 2, 1, 1, 1.8852727999910712], [1, 0, 0, 2, 0, 1.0169603999238461]], "Responses": [2, 2, 0, 2, 0, 2, 0, 0, 1, 2, 1, 0, 2, 2, 1, 0], "RT": [1.4299495001323521, 1.2327743000350893, 1.1880578000564128, 1.1908709001727402, 1.4704321001190692, 1.0344540998339653, 1.1524345001671463, 3.02473030006513, 4.13501049997285, 0.8134477999992669, 0.5397459000814706, 1.1177821001037955, 1.8666079000104219, 1.3909879000857472, 1.8852727999910712, 1.0169603999238461], "Catch": [[2, 1.2327743000350893], [0, 1.1880578000564128], [0, 1.4704321001190692], [2, 1.0344540998339653], [1, 4.13501049997285], [1, 0.5397459000814706], [0, 1.1177821001037955], [2, 1.8666079000104219], [1, 1.8852727999910712], [0, 1.0169603999238461]], "Present": {"0": {"nValid": 3, "zero": 0, "one": 0, "two": 3, "three": 0, "zerop": 0.0, "onep": 0.0, "twop": 1.0, "threep": 0.0}, "1": {"nValid": 3, "zero": 2, "one": 0, "two": 1, "three": 0, "zerop": 0.6666666666666666, "onep": 0.0, "twop": 0.3333333333333333, "threep": 0.0}}, "Complete": 1, "leftcenterBS": [-823.0, 61.5], "leftwidthBS": 406.0, "leftheightBS": 411.0, "rightcenterBS": [810.0, -304.0], "rightwidthBS": 502.0, "rightheightBS": 154.0}