{"SubjectID": "mt", "Demographic": "", "Eye": "L", "glasses": "", "Task": "bdf", "Conditions": [[0, 1, 1, 2, 0, 2.464009700110182], [0, 0, 1, 1, 0, 1.0521158000919968], [0, 1, 1, 2, 0, 1.7617841998580843], [1, 0, 0, 1, 0, 2.751363500021398], [1, 0, 1, 1, 2, 1.6845246001612395], [0, 0, 2, 2, 0, 2.038770099868998], [1, 0, 2, 1, 2, 1.3237513999920338], [0, 0, 0, 2, 0, 1.818918899865821], [1, 0, 2, 2, 2, 1.0685130001511425], [0, 0, 0, 1, 0, 0.8699622999411076], [0, 1, 1, 2, 0, 1.6861553001217544], [0, 0, 2, 1, 0, 3.172361999982968], [1, 1, 1, 2, 2, 0.8848737000953406], [1, 1, 1, 2, 2, 1.7158034001477063], [1, 1, 1, 2, 2, 1.1984759999904782], [1, 0, 0, 2, 0, 0.9503238000907004]], "Responses": [0, 0, 0, 0, 2, 0, 2, 0, 2, 0, 0, 0, 2, 2, 2, 0], "RT": [2.464009700110182, 1.0521158000919968, 1.7617841998580843, 2.751363500021398, 1.6845246001612395, 2.038770099868998, 1.3237513999920338, 1.818918899865821, 1.0685130001511425, 0.8699622999411076, 1.6861553001217544, 3.172361999982968, 0.8848737000953406, 1.7158034001477063, 1.1984759999904782, 0.9503238000907004], "Catch": [[0, 1.0521158000919968], [0, 2.751363500021398], [2, 1.6845246001612395], [0, 2.038770099868998], [2, 1.3237513999920338], [0, 1.818918899865821], [2, 1.0685130001511425], [0, 0.8699622999411076], [0, 3.172361999982968], [0, 0.9503238000907004]], "Present": {"0": {"nValid": 3, "zero": 3, "one": 0, "two": 0, "three": 0, "zerop": 1.0, "onep": 0.0, "twop": 0.0, "threep": 0.0}, "1": {"nValid": 3, "zero": 0, "one": 0, "two": 3, "three": 0, "zerop": 0.0, "onep": 0.0, "twop": 1.0, "threep": 0.0}}, "Complete": 1, "leftcenterBS": [-823.0, 61.5], "leftwidthBS": 406.0, "leftheightBS": 411.0, "rightcenterBS": [810.0, -304.0], "rightwidthBS": 502.0, "rightheightBS": 154.0}