{"Session": "L", "Participant": "SV004", "Sex": "male", "Age": "24", "Monitor_Name": "testMonitor", "Monitor_Size(pix)": [3840, 2160], "Monitor_Size(cm)": [60, 36], "Distance(cm)": 57, "BG_Color": [128, 128, 128], "Fix_Color": [255, 255, 255], "Fix_Size(pix)": 40, "Fix_Pos(pix)": [300, 0], "Cursor_Color": [255, 255, 255], "Cursor_Size(pix)": 12, "Flickering(Hz)": 20, "Test_Eye": "LEFT", "Mode": "Low", "Horizontal_Trials": "Default", "Vertical_Trials": "Default", "Show_Raw_Data": false, "Staircase": false, "Validation": "No", "Eye_Tracker": false, "Date": "2023-08-15_14h11.46.849", "ExpName": "BS_mapping", "FrameRate": 60, "H_Trials": [0, -141.125], "V_Trials": [-959.6666666666667], "HT_N": 2, "VT_N": 1, "H_Clicks": [[-795.0, 0], [-1161.0, 0], [-1130.0, 0], [-1129.0, 0], [-772.0, 0], [-771.0, 0], [-789.0, -141.125], [-1228.0, -141.125], [-1173.0, -141.125], [-1172.0, -141.125], [-1171.0, -141.125], [-710.0, -141.125], [-709.0, -141.125], [-708.0, -141.125], [-707.0, -141.125]], "V_Clicks": [[-959.6666666666667, -449.0], [-959.6666666666667, -310.0], [-959.6666666666667, 124.0], [-959.6666666666667, 77.0], [-959.6666666666667, 76.0], [-959.6666666666667, -357.0], [-959.6666666666667, -385.0], [-959.6666666666667, 95.0]], "H_Points": [[-1172.0, -141.125], [-708.5, -141.125]], "V_Points": [[-959.6666666666667, -375.25], [-959.6666666666667, 93.0]], "Raw_BS_Vertices": [[-959.6666666666667, 93.0], [-1172.0, -141.125], [-959.6666666666667, -375.25], [-708.5, -141.125]], "BS_Vertices": [[-959.6666666666667, 93.0], [-1172.0, -141.125], [-959.6666666666667, -375.25], [-708.5, -141.125]], "BS_Center": [-959.6666666666667, -141.125], "BS_width": 463.5, "BS_height": 468.25}