{"Session": "L", "Participant": "SV008", "Sex": "male", "Age": "24", "Monitor_Name": "testMonitor", "Monitor_Size(pix)": [3840, 2160], "Monitor_Size(cm)": [60, 36], "Distance(cm)": 57, "BG_Color": [128, 128, 128], "Fix_Color": [255, 255, 255], "Fix_Size(pix)": 40, "Fix_Pos(pix)": [300, 0], "Cursor_Color": [255, 255, 255], "Cursor_Size(pix)": 12, "Flickering(Hz)": 20, "Test_Eye": "LEFT", "Mode": "Low", "Horizontal_Trials": "Default", "Vertical_Trials": "Default", "Show_Raw_Data": false, "Staircase": false, "Validation": "No", "Eye_Tracker": false, "Date": "2023-08-16_15h53.41.228", "ExpName": "BS_mapping", "FrameRate": 60, "H_Trials": [0, -195.0], "V_Trials": [-1242.9166666666665], "HT_N": 2, "VT_N": 1, "H_Clicks": [[-1189.0, 0], [-1330.0, 0], [-1040.0, 0], [-1204.0, 0], [-1353.0, 0], [-1021.0, -195.0], [-1459.0, -195.0], [-1097.0, -195.0], [-1489.0, -195.0]], "V_Clicks": [[-1242.9166666666665, 172.0], [-1242.9166666666665, -562.0]], "H_Points": [[-1474.0, -195.0], [-1059.0, -195.0]], "V_Points": [[-1242.9166666666665, -562.0], [-1242.9166666666665, 172.0]], "Raw_BS_Vertices": [[-1242.9166666666665, 172.0], [-1474.0, -195.0], [-1242.9166666666665, -562.0], [-1059.0, -195.0]], "BS_Vertices": [[-1242.9166666666665, 172.0], [-1474.0, -195.0], [-1242.9166666666665, -562.0], [-1059.0, -195.0]], "BS_Center": [-1242.9166666666665, -195.0], "BS_width": 415.0, "BS_height": 734.0}