{"Session": "R", "Participant": "SV006", "Sex": "male", "Age": "24", "Monitor_Name": "testMonitor", "Monitor_Size(pix)": [3840, 2160], "Monitor_Size(cm)": [60, 36], "Distance(cm)": 57, "BG_Color": [128, 128, 128], "Fix_Color": [255, 255, 255], "Fix_Size(pix)": 40, "Fix_Pos(pix)": [-300, 0], "Cursor_Color": [255, 255, 255], "Cursor_Size(pix)": 12, "Flickering(Hz)": 20, "Test_Eye": "RIGHT", "Mode": "Low", "Horizontal_Trials": "Default", "Vertical_Trials": "Default", "Show_Raw_Data": false, "Staircase": false, "Validation": "No", "Eye_Tracker": false, "Date": "2023-08-16_11h42.07.517", "ExpName": "BS_mapping", "FrameRate": 60, "H_Trials": [0, -18.916666666666686], "V_Trials": [1081.9], "HT_N": 2, "VT_N": 1, "H_Clicks": [[904.0, 0], [905.0, 0], [909.0, 0], [911.0, 0], [915.0, 0], [918.0, 0], [1438.0, 0], [936.0, 0], [938.0, 0], [939.0, 0], [1160.0, 0], [1161.0, 0], [1162.0, 0], [895.0, 0], [1313.0, 0], [857.0, -18.916666666666686], [1177.0, -18.916666666666686], [1066.0, -18.916666666666686], [777.0, -18.916666666666686], [855.0, -18.916666666666686], [1228.0, -18.916666666666686], [1149.0, -18.916666666666686], [889.0, -18.916666666666686]], "V_Clicks": [[1081.9, -257.0], [1081.9, 231.0], [1081.9, -232.0], [1081.9, 96.0], [1081.9, -115.0], [1081.9, -613.0]], "H_Points": [[867.0, -18.916666666666686], [1155.0, -18.916666666666686]], "V_Points": [[1081.9, -201.33333333333334], [1081.9, 163.49999999999997]], "Raw_BS_Vertices": [[1081.9, 163.49999999999997], [867.0, -18.916666666666686], [1081.9, -201.33333333333334], [1155.0, -18.916666666666686]], "BS_Vertices": [[1081.9, 163.49999999999997], [867.0, -18.916666666666686], [1081.9, -201.33333333333334], [1155.0, -18.916666666666686]], "BS_Center": [1081.9, -18.916666666666686], "BS_width": 288.0, "BS_height": 364.8333333333333}