{"Session": "L", "Participant": "SV006", "Sex": "male", "Age": "24", "Monitor_Name": "testMonitor", "Monitor_Size(pix)": [3840, 2160], "Monitor_Size(cm)": [60, 36], "Distance(cm)": 57, "BG_Color": [128, 128, 128], "Fix_Color": [255, 255, 255], "Fix_Size(pix)": 40, "Fix_Pos(pix)": [300, 0], "Cursor_Color": [255, 255, 255], "Cursor_Size(pix)": 12, "Flickering(Hz)": 20, "Test_Eye": "LEFT", "Mode": "Low", "Horizontal_Trials": "Default", "Vertical_Trials": "Default", "Show_Raw_Data": false, "Staircase": false, "Validation": "No", "Eye_Tracker": false, "Date": "2023-08-16_11h45.57.898", "ExpName": "BS_mapping", "FrameRate": 61, "H_Trials": [0, -74.20000000000002], "V_Trials": [-1034.1666666666665], "HT_N": 2, "VT_N": 1, "H_Clicks": [[-859.0, 0], [-1255.0, 0], [-1131.0, 0], [-813.0, 0], [-866.0, 0], [-1281.0, 0], [-1106.0, -74.20000000000002], [-756.0, -74.20000000000002], [-880.0, -74.20000000000002], [-1223.0, -74.20000000000002], [-1089.0, -74.20000000000002], [-775.0, -74.20000000000002], [-861.0, -74.20000000000002], [-1239.0, -74.20000000000002]], "V_Clicks": [[-1034.1666666666665, 103.0], [-1034.1666666666665, -323.0], [-1034.1666666666665, -249.0], [-1034.1666666666665, 39.0], [-1034.1666666666665, 16.0], [-1034.1666666666665, -208.0], [-1034.1666666666665, -115.0], [-1034.1666666666665, 229.0], [-1034.1666666666665, 119.0], [-1034.1666666666665, -353.0]], "H_Points": [[-1164.25, -74.20000000000002], [-818.0, -74.20000000000002]], "V_Points": [[-1034.1666666666665, -249.60000000000002], [-1034.1666666666665, 101.2]], "Raw_BS_Vertices": [[-1034.1666666666665, 101.2], [-1164.25, -74.20000000000002], [-1034.1666666666665, -249.60000000000002], [-818.0, -74.20000000000002]], "BS_Vertices": [[-1034.1666666666665, 101.2], [-1164.25, -74.20000000000002], [-1034.1666666666665, -249.60000000000002], [-818.0, -74.20000000000002]], "BS_Center": [-1034.1666666666665, -74.20000000000002], "BS_width": 346.25, "BS_height": 350.8}