{"Session": "R", "Participant": "SV004", "Sex": "male", "Age": "24", "Monitor_Name": "testMonitor", "Monitor_Size(pix)": [3840, 2160], "Monitor_Size(cm)": [60, 36], "Distance(cm)": 57, "BG_Color": [128, 128, 128], "Fix_Color": [255, 255, 255], "Fix_Size(pix)": 40, "Fix_Pos(pix)": [-300, 0], "Cursor_Color": [255, 255, 255], "Cursor_Size(pix)": 12, "Flickering(Hz)": 20, "Test_Eye": "RIGHT", "Mode": "Low", "Horizontal_Trials": "Default", "Vertical_Trials": "Default", "Show_Raw_Data": false, "Staircase": false, "Validation": "No", "Eye_Tracker": false, "Date": "2023-08-15_14h14.33.066", "ExpName": "BS_mapping", "FrameRate": 59, "H_Trials": [0, -199.83333333333331], "V_Trials": [1026.8333333333335], "HT_N": 2, "VT_N": 1, "H_Clicks": [[890.0, 0], [1252.0, 0], [1253.0, 0], [1124.0, 0], [798.0, 0], [860.0, -199.83333333333331], [1290.0, -199.83333333333331], [1291.0, -199.83333333333331], [1096.0, -199.83333333333331], [779.0, -199.83333333333331]], "V_Clicks": [[1026.8333333333335, -459.0], [1026.8333333333335, 117.0], [1026.8333333333335, 33.0], [1026.8333333333335, -482.0], [1026.8333333333335, -483.0]], "H_Points": [[819.5, -199.83333333333331], [1225.6666666666667, -199.83333333333331]], "V_Points": [[1026.8333333333335, -474.66666666666663], [1026.8333333333335, 75.0]], "Raw_BS_Vertices": [[1026.8333333333335, 75.0], [819.5, -199.83333333333331], [1026.8333333333335, -474.66666666666663], [1225.6666666666667, -199.83333333333331]], "BS_Vertices": [[1026.8333333333335, 75.0], [819.5, -199.83333333333331], [1026.8333333333335, -474.66666666666663], [1225.6666666666667, -199.83333333333331]], "BS_Center": [1026.8333333333335, -199.83333333333331], "BS_width": 406.16666666666674, "BS_height": 549.6666666666666}