{"Session": "R", "Participant": "SV007", "Sex": "male", "Age": "24", "Monitor_Name": "testMonitor", "Monitor_Size(pix)": [3840, 2160], "Monitor_Size(cm)": [60, 36], "Distance(cm)": 57, "BG_Color": [128, 128, 128], "Fix_Color": [255, 255, 255], "Fix_Size(pix)": 40, "Fix_Pos(pix)": [-300, 0], "Cursor_Color": [255, 255, 255], "Cursor_Size(pix)": 12, "Flickering(Hz)": 20, "Test_Eye": "RIGHT", "Mode": "Low", "Horizontal_Trials": "Default", "Vertical_Trials": "Default", "Show_Raw_Data": false, "Staircase": false, "Validation": "No", "Eye_Tracker": false, "Date": "2023-08-16_14h16.50.408", "ExpName": "BS_mapping", "FrameRate": 60, "H_Trials": [0, -87.16666666666669], "V_Trials": [1255.2083333333335], "HT_N": 2, "VT_N": 1, "H_Clicks": [[858.0, 0], [1736.0, 0], [975.0, 0], [1596.0, 0], [942.0, 0], [1547.0, 0], [956.0, 0], [1332.0, 0], [969.0, -87.16666666666669], [1497.0, -87.16666666666669], [1019.0, -87.16666666666669], [1767.0, -87.16666666666669]], "V_Clicks": [[1255.2083333333335, 227.0], [1255.2083333333335, -477.0], [1255.2083333333335, 280.0], [1255.2083333333335, -388.0], [1255.2083333333335, 312.0], [1255.2083333333335, -477.0]], "H_Points": [[994.0, -87.16666666666669], [1632.0, -87.16666666666669]], "V_Points": [[1255.2083333333335, -447.3333333333333], [1255.2083333333335, 272.99999999999994]], "Raw_BS_Vertices": [[1255.2083333333335, 272.99999999999994], [994.0, -87.16666666666669], [1255.2083333333335, -447.3333333333333], [1632.0, -87.16666666666669]], "BS_Vertices": [[1255.2083333333335, 272.99999999999994], [994.0, -87.16666666666669], [1255.2083333333335, -447.3333333333333], [1632.0, -87.16666666666669]], "BS_Center": [1255.2083333333335, -87.16666666666669], "BS_width": 638.0, "BS_height": 720.3333333333333}