{"Session": "L", "Participant": "SV007", "Sex": "male", "Age": "24", "Monitor_Name": "testMonitor", "Monitor_Size(pix)": [3840, 2160], "Monitor_Size(cm)": [60, 36], "Distance(cm)": 57, "BG_Color": [128, 128, 128], "Fix_Color": [255, 255, 255], "Fix_Size(pix)": 40, "Fix_Pos(pix)": [300, 0], "Cursor_Color": [255, 255, 255], "Cursor_Size(pix)": 12, "Flickering(Hz)": 20, "Test_Eye": "LEFT", "Mode": "Low", "Horizontal_Trials": "Default", "Vertical_Trials": "Default", "Show_Raw_Data": false, "Staircase": false, "Validation": "No", "Eye_Tracker": false, "Date": "2023-08-16_14h22.21.819", "ExpName": "BS_mapping", "FrameRate": 60, "H_Trials": [0, -99.16666666666669], "V_Trials": [-1009.3333333333333], "HT_N": 2, "VT_N": 1, "H_Clicks": [[-465.0, 0], [-959.0, 0], [-536.0, 0], [-1327.0, 0], [-726.0, 0], [-1354.0, 0], [-704.0, 0], [-1341.0, 0], [-758.0, -99.16666666666669], [-1224.0, -99.16666666666669], [-752.0, -99.16666666666669], [-1386.0, -99.16666666666669], [-798.0, -99.16666666666669], [-1443.0, -99.16666666666669]], "V_Clicks": [[-1009.3333333333333, 256.0], [-1009.3333333333333, -552.0], [-1009.3333333333333, 341.0], [-1009.3333333333333, -518.0], [-1009.3333333333333, 328.0], [-1009.3333333333333, -450.0]], "H_Points": [[-1351.0, -99.16666666666669], [-769.3333333333334, -99.16666666666669]], "V_Points": [[-1009.3333333333333, -506.6666666666667], [-1009.3333333333333, 308.3333333333333]], "Raw_BS_Vertices": [[-1009.3333333333333, 308.3333333333333], [-1351.0, -99.16666666666669], [-1009.3333333333333, -506.6666666666667], [-769.3333333333334, -99.16666666666669]], "BS_Vertices": [[-1009.3333333333333, 308.3333333333333], [-1351.0, -99.16666666666669], [-1009.3333333333333, -506.6666666666667], [-769.3333333333334, -99.16666666666669]], "BS_Center": [-1009.3333333333333, -99.16666666666669], "BS_width": 581.6666666666666, "BS_height": 815.0}