{"Session": "R", "Participant": "sk", "Sex": "male", "Age": "24", "Monitor_Name": "testMonitor", "Monitor_Size(pix)": [3840, 2160], "Monitor_Size(cm)": [60, 36], "Distance(cm)": 57, "BG_Color": [128, 128, 128], "Fix_Color": [255, 255, 255], "Fix_Size(pix)": 40, "Fix_Pos(pix)": [-300, 0], "Cursor_Color": [255, 255, 255], "Cursor_Size(pix)": 12, "Flickering(Hz)": 20, "Test_Eye": "RIGHT", "Mode": "Low", "Horizontal_Trials": "Default", "Vertical_Trials": "Default", "Show_Raw_Data": false, "Staircase": false, "Validation": "No", "Eye_Tracker": false, "Date": "2023-08-09_13h43.53.682", "ExpName": "BS_mapping", "FrameRate": 60, "H_Trials": [0, -103.25], "V_Trials": [1098.5], "HT_N": 2, "VT_N": 1, "H_Clicks": [[913.0, 0], [1284.0, 0], [921.0, -103.25], [1334.0, -103.25], [1333.0, -103.25]], "V_Clicks": [[1098.5, 122.0], [1098.5, 121.0], [1098.5, -328.0]], "H_Points": [[921.0, -103.25], [1333.5, -103.25]], "V_Points": [[1098.5, -328.0], [1098.5, 121.50000000000001]], "Raw_BS_Vertices": [[1098.5, 121.50000000000001], [921.0, -103.25], [1098.5, -328.0], [1333.5, -103.25]], "BS_Vertices": [[1098.5, 121.50000000000001], [921.0, -103.25], [1098.5, -328.0], [1333.5, -103.25]], "BS_Center": [1098.5, -103.25], "BS_width": 412.5, "BS_height": 449.5}